<?xml version="1.0" encoding="UTF-8" standalone="yes"?>
<addon id="plugin.video.kilogramme2"
       name="KG Фильмы и Сериалы"
       version="2.3.4"
       provider-name="delletenebre@gmail.com">
    <requires>
        <import addon="xbmc.python" version="2.1.0" />
        <import addon="script.module.beautifulsoup4" version="4.3.2" />
        <import addon="script.module.simplejson" version="3.3.0" />
        <import addon="script.module.httplib2" version="0.8.0" />
    </requires>
    <extension point="xbmc.python.pluginsource" library="addon.py">
        <provides>video</provides>
    </extension>
    <extension point="xbmc.addon.metadata">
        <summary lang="ru">Просмотр видео с лучших сайтов в зоне *.kg</summary>
        <description lang="ru">
Просмотр видео с лучших сайтов Кыргызстана:
    * TS.KG (http://ts.kg/)
    * Cinema Online (http://cinemaonline.kg/)
    * Namba.Кинозал (http://movie.namba.kg/)
    * Namba.Сериалы (http://serials.namba.kg/)
        </description>
        <disclaimer lang="ru"></disclaimer>
        <language></language>
        <platform>all</platform>
        <license>GNU GENERAL PUBLIC LICENSE. Version 3, June 2007</license>
        <forum>http://diesel.elcat.kg/index.php?showtopic=43533785</forum>
        <website></website>
        <email>delletenebre@gmail.com</email>
        <source>https://github.com/delletenebre/xbmc-addon-kilogramme</source>
        <news>v2.3.4 (2018-07-31)
- Исправлен smotri.kg
        </news>
        <assets>
            <icon>icon.png</icon>
            <fanart></fanart>
            <screenshot></screenshot>
        </assets>
    </extension>
</addon>